,Elapsed Time,Sharpe Ratio,Average Turnover
OLS MVO ChatGPT 15 Portfolio,0.11600208282470703,0.11600208282470703,0.11600208282470703
OLS MVO ChatGPT 30 Portfolio,0.1510000228881836,0.1510000228881836,0.1510000228881836
OLS MVO ChatGPT 45 Portfolio,0.1829996109008789,0.1829996109008789,0.1829996109008789
ChatGPT Weighted 15 Portfolio,0.015998363494873047,0.015998363494873047,0.015998363494873047
ChatGPT Weighted 30 Portfolio,0.022998809814453125,0.022998809814453125,0.022998809814453125
ChatGPT Weighted 45 Portfolio,0.02199840545654297,0.02199840545654297,0.02199840545654297
Robust MVO ChatGPT 15 Portfolio,0.12900042533874512,0.12900042533874512,0.12900042533874512
Robust MVO ChatGPT 30 Portfolio,0.19199895858764648,0.19199895858764648,0.19199895858764648
Robust MVO ChatGPT 45 Portfolio,0.3399970531463623,0.3399970531463623,0.3399970531463623
