,Elapsed Time,Sharpe Ratio,Average Turnover
OLS MVO ChatGPT 15 Portfolio,0.26798105239868164,0.26798105239868164,0.26798105239868164
OLS MVO ChatGPT 30 Portfolio,0.772200345993042,0.772200345993042,0.772200345993042
OLS MVO ChatGPT 45 Portfolio,0.5160229206085205,0.5160229206085205,0.5160229206085205
ChatGPT Weighted 15 Portfolio,0.03487086296081543,0.03487086296081543,0.03487086296081543
ChatGPT Weighted 30 Portfolio,0.05322694778442383,0.05322694778442383,0.05322694778442383
ChatGPT Weighted 45 Portfolio,0.025634050369262695,0.025634050369262695,0.025634050369262695
Robust MVO ChatGPT 15 Portfolio,0.26435303688049316,0.26435303688049316,0.26435303688049316
Robust MVO ChatGPT 30 Portfolio,0.4025566577911377,0.4025566577911377,0.4025566577911377
Robust MVO ChatGPT 45 Portfolio,0.5064775943756104,0.5064775943756104,0.5064775943756104
